{
    "kernel": "2b",
    "sampling": "random",
    "ntr": 200,
    "cutoff": 5.3,
    "sigma": 0.4,
    "noise": 0.001,
    "MAE_c": 0.1618994004573267,
    "MAE_f": 0.32212110476494976,
    "SMAE_f": 0.23009665594597756,
    "M_f": 0.6901048097786243,
    "RMSE_f": 0.22855085299375083,
    "MAE_e": null,
    "SMAE_e": null,
    "RMSE_e": null
}