{
    "kernel": "2b",
    "sampling": "random",
    "ntr": 50,
    "cutoff": 6.5,
    "sigma": 0.4,
    "noise": 0.001,
    "MAE_c": 0.13238400125366165,
    "MAE_f": 0.26358005333503737,
    "SMAE_f": 0.1203808811129649,
    "M_f": 0.5936742624787167,
    "RMSE_f": 0.16729813811838526,
    "MAE_e": null,
    "SMAE_e": null,
    "RMSE_e": null
}