{
    "kernel": "2b",
    "sampling": "random",
    "ntr": 50,
    "cutoff": 6.5,
    "sigma": 0.5,
    "noise": 0.001,
    "MAE_c": 0.13433519109948686,
    "MAE_f": 0.2728862063043886,
    "SMAE_f": 0.13047122872100236,
    "M_f": 0.6532195419331355,
    "RMSE_f": 0.17463258870666098,
    "MAE_e": null,
    "SMAE_e": null,
    "RMSE_e": null
}