{
    "kernel": "2b",
    "sampling": "random",
    "ntr": 50,
    "cutoff": 6.5,
    "sigma": 0.5,
    "noise": 0.001,
    "MAE_c": 0.12445071600109339,
    "MAE_f": 0.24587483102624727,
    "SMAE_f": 0.1324623353781299,
    "M_f": 0.6939463102565563,
    "RMSE_f": 0.16124588142131857,
    "MAE_e": null,
    "SMAE_e": null,
    "RMSE_e": null
}