{
    "kernel": "2b",
    "sampling": "grid2",
    "ntr": 257,
    "cutoff": 6.5,
    "sigma": 0.5,
    "noise": 0.001,
    "MAE_c": 0.1197617096270437,
    "MAE_f": 0.23387999420292535,
    "SMAE_f": 0.11574368092911476,
    "M_f": 0.6181609658749875,
    "RMSE_f": 0.15066126616063946,
    "MAE_e": 0.04524808261788928,
    "SMAE_e": 0.02451967002745449,
    "RMSE_e": 0.05146458198460942
}