{
    "kernel": "2b",
    "sampling": "grid2",
    "ntr": 231,
    "cutoff": 6.5,
    "sigma": 0.5,
    "noise": 0.001,
    "MAE_c": 0.12251469127368159,
    "MAE_f": 0.2440667871543803,
    "SMAE_f": 0.13249395013262108,
    "M_f": 0.6184508588141174,
    "RMSE_f": 0.1603363583362666,
    "MAE_e": 0.017039660953053943,
    "SMAE_e": 0.019230919568913925,
    "RMSE_e": 0.025693935332312713
}