{
    "kernel": "2b",
    "sampling": "random",
    "ntr": 50,
    "cutoff": 8.0,
    "sigma": 0.5,
    "noise": 0.001,
    "MAE_c": 0.11071979828675481,
    "MAE_f": 0.2204694713401228,
    "SMAE_f": 0.1333317927272782,
    "M_f": 0.6669926946219153,
    "RMSE_f": 0.14875500523216365,
    "MAE_e": null,
    "SMAE_e": null,
    "RMSE_e": null
}