{
    "kernel": "2b",
    "sampling": "grid2",
    "ntr": 227,
    "cutoff": 8.0,
    "sigma": 0.4,
    "noise": 0.001,
    "MAE_c": 0.11899118264501667,
    "MAE_f": 0.23804945627022323,
    "SMAE_f": 0.12839314699214902,
    "M_f": 0.6191418517254254,
    "RMSE_f": 0.15615413733989086,
    "MAE_e": 0.03570790169054243,
    "SMAE_e": 0.02267227829415034,
    "RMSE_e": 0.042297593858148054
}