{
    "kernel": "2b",
    "sampling": "random",
    "ntr": 200,
    "cutoff": 8.0,
    "sigma": 0.4,
    "noise": 0.001,
    "MAE_c": 0.11442450118024818,
    "MAE_f": 0.23482607501106997,
    "SMAE_f": 0.12673903677372284,
    "M_f": 0.6188908312958037,
    "RMSE_f": 0.1540628323633313,
    "MAE_e": null,
    "SMAE_e": null,
    "RMSE_e": null
}