{
    "kernel": "2b",
    "sampling": "grid2",
    "ntr": 220,
    "cutoff": 8.0,
    "sigma": 0.5,
    "noise": 0.001,
    "MAE_c": 0.11132019937939203,
    "MAE_f": 0.2233308094361604,
    "SMAE_f": 0.11565976483108298,
    "M_f": 0.6469688311800647,
    "RMSE_f": 0.14520540812264535,
    "MAE_e": null,
    "SMAE_e": null,
    "RMSE_e": null
}