{
    "kernel": "combined",
    "sampling": "random",
    "ntr": 200,
    "cutoff": 4.0,
    "sigma": 0.5,
    "noise": 0.001,
    "MAE_c": 0.15398727538750534,
    "MAE_f": 0.3068189346478189,
    "SMAE_f": 0.13322217744779546,
    "M_f": 0.6564223234398985,
    "RMSE_f": 0.1931200034713774,
    "MAE_e": null,
    "SMAE_e": null,
    "RMSE_e": null
}