{
    "kernel": "combined",
    "sampling": "grid3",
    "ntr": 32,
    "cutoff": 4.0,
    "sigma": 0.5,
    "noise": 0.001,
    "MAE_c": 0.1854021947631704,
    "MAE_f": 0.3667424320184487,
    "SMAE_f": 0.20343665018806065,
    "M_f": 0.6544594358831168,
    "RMSE_f": 0.24213390378228447,
    "MAE_e": null,
    "SMAE_e": null,
    "RMSE_e": null
}