{
    "kernel": "combined",
    "sampling": "random",
    "ntr": 50,
    "cutoff": 8.0,
    "sigma": 0.5,
    "noise": 0.001,
    "MAE_c": 0.07657636993136498,
    "MAE_f": 0.15402660193056422,
    "SMAE_f": 0.08138336115225431,
    "M_f": 0.6602082583829411,
    "RMSE_f": 0.10057740895236654,
    "MAE_e": null,
    "SMAE_e": null,
    "RMSE_e": null
}